title,work_policy,location,department,employment_type,experience_level,job_slug,salary_range,,
Full Stack Engineer,Remote,"Berlin, Germany",Product,Full time,Senior,full-stack-engineer-berlin,AED 8K–12K / month,,
Business Analyst,Hybrid,"Riyadh, Saudi Arabia",Customer Success,Part time,Mid-level,business-analyst-riyadh,USD 4K–6K / month,,
Software Engineer,Remote,"Berlin, Germany",Sales,Contract,Senior,software-engineer-berlin,SAR 10K–18K / month,,
Marketing Manager,Hybrid,"Boston, United States",Engineering,Part time,Mid-level,marketing-manager-boston,AED 8K–12K / month,,
UX Researcher,Hybrid,"Boston, United States",Engineering,Full time,Senior,ux-researcher-boston,USD 4K–6K / month,,
AI Product Manager,On-site,"Athens, Greece",Operations,Full time,Junior,ai-product-manager-athens,INR 8L–15L / year,,
Sales Development Representative,Remote,"Berlin, Germany",Marketing,Full time,Mid-level,sales-development-representative-berlin,INR 8L–15L / year,,
Frontend Engineer,Hybrid,"Athens, Greece",Engineering,Part time,Junior,frontend-engineer-athens,USD 80K–120K / year,,
Sales Development Representative,On-site,"Cairo, Egypt",Sales,Contract,Senior,sales-development-representative-cairo,USD 4K–6K / month,,
Data Analyst,On-site,"Dubai, United Arab Emirates",Customer Success,Full time,Mid-level,data-analyst-dubai,AED 8K–12K / month,,
Solutions Consultant,Hybrid,"Hyderabad, India",Engineering,Contract,Junior,solutions-consultant-hyderabad,AED 8K–12K / month,,
Mobile Developer (Flutter),Hybrid,"Athens, Greece",Operations,Part time,Senior,mobile-developer-(flutter)-athens,USD 80K–120K / year,,
Operations Associate,Hybrid,"Bangalore, India",Analytics,Contract,Junior,operations-associate-bangalore,SAR 10K–18K / month,,
QA Engineer,Hybrid,"Berlin, Germany",Marketing,Contract,Junior,qa-engineer-berlin,INR 8L–15L / year,,
UX Researcher,On-site,"Berlin, Germany",R&D,Full time,Senior,ux-researcher-berlin,USD 80K–120K / year,,
Product Designer,On-site,"Boston, United States",Operations,Part time,Mid-level,product-designer-boston,AED 12K–18K / month,,
Full Stack Engineer,Hybrid,"Dubai, United Arab Emirates",Engineering,Part time,Mid-level,full-stack-engineer-dubai,INR 8L–15L / year,,
Product Designer,Remote,"Istanbul, Turkey",Customer Success,Full time,Mid-level,product-designer-istanbul,SAR 10K–18K / month,,
Marketing Manager,On-site,"Dubai, United Arab Emirates",Engineering,Full time,Mid-level,marketing-manager-dubai,AED 8K–12K / month,,
AI Product Manager,Hybrid,"Cairo, Egypt",Analytics,Full time,Junior,ai-product-manager-cairo,AED 12K–18K / month,,
Marketing Manager,Hybrid,"Boston, United States",Analytics,Part time,Junior,marketing-manager-boston,AED 12K–18K / month,,
Backend Developer,Hybrid,"Bangalore, India",Product,Part time,Senior,backend-developer-bangalore,USD 80K–120K / year,,
Technical Writer,On-site,"Berlin, Germany",Sales,Full time,Junior,technical-writer-berlin,SAR 10K–18K / month,,
DevOps Engineer,Hybrid,"Dubai, United Arab Emirates",Customer Success,Contract,Junior,devops-engineer-dubai,USD 80K–120K / year,,
Customer Success Executive,Hybrid,"Istanbul, Turkey",Customer Success,Full time,Junior,customer-success-executive-istanbul,SAR 10K–18K / month,,
Marketing Manager,On-site,"Cairo, Egypt",Product,Part time,Mid-level,marketing-manager-cairo,USD 80K–120K / year,,
Sales Development Representative,Hybrid,"Hyderabad, India",Marketing,Full time,Senior,sales-development-representative-hyderabad,AED 12K–18K / month,,
Product Designer,Hybrid,"Boston, United States",Analytics,Full time,Mid-level,product-designer-boston,INR 8L–15L / year,,
Sales Development Representative,Hybrid,"Berlin, Germany",Operations,Contract,Senior,sales-development-representative-berlin,USD 80K–120K / year,,
Technical Writer,Remote,"Athens, Greece",Product,Part time,Senior,technical-writer-athens,USD 4K–6K / month,,
Backend Developer,On-site,"Riyadh, Saudi Arabia",IT Support,Contract,Junior,backend-developer-riyadh,USD 4K–6K / month,,
Operations Associate,Hybrid,"Cairo, Egypt",Sales,Contract,Mid-level,operations-associate-cairo,AED 8K–12K / month,,
Full Stack Engineer,Remote,"Dubai, United Arab Emirates",R&D,Contract,Mid-level,full-stack-engineer-dubai,USD 80K–120K / year,,
UX Researcher,Remote,"Hyderabad, India",R&D,Full time,Senior,ux-researcher-hyderabad,AED 8K–12K / month,,
Technical Writer,Hybrid,"Dubai, United Arab Emirates",Product,Part time,Senior,technical-writer-dubai,USD 4K–6K / month,,
Software Engineer,On-site,"Cairo, Egypt",Product,Part time,Senior,software-engineer-cairo,USD 4K–6K / month,,
QA Engineer,Remote,"Riyadh, Saudi Arabia",R&D,Full time,Senior,qa-engineer-riyadh,AED 8K–12K / month,,
Full Stack Engineer,Hybrid,"Cairo, Egypt",Customer Success,Part time,Mid-level,full-stack-engineer-cairo,AED 12K–18K / month,,
Sales Development Representative,Remote,"Riyadh, Saudi Arabia",IT Support,Contract,Mid-level,sales-development-representative-riyadh,AED 12K–18K / month,,
Full Stack Engineer,Hybrid,"Cairo, Egypt",IT Support,Contract,Senior,full-stack-engineer-cairo,AED 12K–18K / month,,
Business Analyst,On-site,"Boston, United States",Marketing,Part time,Senior,business-analyst-boston,AED 12K–18K / month,,
Product Designer,Remote,"Boston, United States",Engineering,Contract,Junior,product-designer-boston,USD 80K–120K / year,,
Backend Developer,Hybrid,"Cairo, Egypt",Customer Success,Full time,Junior,backend-developer-cairo,AED 12K–18K / month,,
Marketing Manager,On-site,"Riyadh, Saudi Arabia",Analytics,Contract,Mid-level,marketing-manager-riyadh,USD 80K–120K / year,,
UX Researcher,Remote,"Cairo, Egypt",Sales,Full time,Junior,ux-researcher-cairo,INR 8L–15L / year,,
Sales Development Representative,Remote,"London, England, United Kingdom",Operations,Part time,Senior,sales-development-representative-london,USD 80K–120K / year,,
Customer Success Executive,On-site,"Riyadh, Saudi Arabia",R&D,Contract,Senior,customer-success-executive-riyadh,USD 80K–120K / year,,
Business Analyst,Hybrid,"London, England, United Kingdom",Analytics,Contract,Mid-level,business-analyst-london,AED 12K–18K / month,,
Product Designer,Remote,"Hyderabad, India",R&D,Contract,Junior,product-designer-hyderabad,SAR 10K–18K / month,,
UX Researcher,Hybrid,"Bangalore, India",Design,Part time,Junior,ux-researcher-bangalore,INR 8L–15L / year,,
Solutions Consultant,On-site,"Bangalore, India",IT Support,Contract,Junior,solutions-consultant-bangalore,AED 8K–12K / month,,
Business Analyst,On-site,"Athens, Greece",Design,Contract,Junior,business-analyst-athens,AED 8K–12K / month,,
Mobile Developer (Flutter),On-site,"Athens, Greece",Design,Contract,Junior,mobile-developer-(flutter)-athens,USD 4K–6K / month,,
Marketing Manager,Remote,"Bangalore, India",IT Support,Part time,Mid-level,marketing-manager-bangalore,USD 80K–120K / year,,
UX Researcher,On-site,"Boston, United States",R&D,Full time,Senior,ux-researcher-boston,USD 80K–120K / year,,
Mobile Developer (Flutter),Remote,"Istanbul, Turkey",R&D,Contract,Mid-level,mobile-developer-(flutter)-istanbul,AED 8K–12K / month,,
Frontend Engineer,Remote,"Istanbul, Turkey",Engineering,Full time,Senior,frontend-engineer-istanbul,INR 8L–15L / year,,
Operations Associate,On-site,"Riyadh, Saudi Arabia",Customer Success,Part time,Mid-level,operations-associate-riyadh,SAR 10K–18K / month,,
Software Engineer,On-site,"Athens, Greece",Sales,Full time,Junior,software-engineer-athens,USD 4K–6K / month,,
Frontend Engineer,Hybrid,"Cairo, Egypt",Sales,Contract,Junior,frontend-engineer-cairo,AED 8K–12K / month,,
Cloud Architect,Remote,"Dubai, United Arab Emirates",Customer Success,Contract,Mid-level,cloud-architect-dubai,SAR 10K–18K / month,,
Business Analyst,Remote,"Riyadh, Saudi Arabia",IT Support,Contract,Junior,business-analyst-riyadh,SAR 10K–18K / month,,
Full Stack Engineer,Hybrid,"Hyderabad, India",Marketing,Contract,Mid-level,full-stack-engineer-hyderabad,SAR 10K–18K / month,,
Frontend Engineer,On-site,"Riyadh, Saudi Arabia",Customer Success,Contract,Senior,frontend-engineer-riyadh,AED 8K–12K / month,,
Frontend Engineer,On-site,"Istanbul, Turkey",IT Support,Contract,Junior,frontend-engineer-istanbul,INR 8L–15L / year,,
Customer Success Executive,Remote,"Berlin, Germany",Design,Part time,Mid-level,customer-success-executive-berlin,SAR 10K–18K / month,,
Technical Writer,Hybrid,"Riyadh, Saudi Arabia",Analytics,Contract,Junior,technical-writer-riyadh,AED 8K–12K / month,,
Operations Associate,On-site,"Dubai, United Arab Emirates",Product,Part time,Mid-level,operations-associate-dubai,INR 8L–15L / year,,
Software Engineer,Remote,"London, England, United Kingdom",IT Support,Contract,Mid-level,software-engineer-london,AED 8K–12K / month,,
QA Engineer,On-site,"London, England, United Kingdom",IT Support,Part time,Mid-level,qa-engineer-london,AED 12K–18K / month,,
Solutions Consultant,On-site,"Dubai, United Arab Emirates",Product,Part time,Senior,solutions-consultant-dubai,INR 8L–15L / year,,
Marketing Manager,On-site,"Hyderabad, India",Product,Contract,Senior,marketing-manager-hyderabad,USD 4K–6K / month,,
Customer Success Executive,On-site,"Cairo, Egypt",Engineering,Full time,Mid-level,customer-success-executive-cairo,AED 12K–18K / month,,
Full Stack Engineer,Remote,"Istanbul, Turkey",IT Support,Full time,Junior,full-stack-engineer-istanbul,AED 12K–18K / month,,
Customer Success Executive,Remote,"Istanbul, Turkey",Engineering,Contract,Junior,customer-success-executive-istanbul,USD 4K–6K / month,,
Backend Developer,On-site,"Boston, United States",Operations,Part time,Mid-level,backend-developer-boston,INR 8L–15L / year,,
AI Product Manager,Hybrid,"London, England, United Kingdom",Customer Success,Contract,Junior,ai-product-manager-london,AED 12K–18K / month,,
Operations Associate,Hybrid,"Cairo, Egypt",IT Support,Contract,Senior,operations-associate-cairo,USD 80K–120K / year,,
Marketing Manager,Remote,"Istanbul, Turkey",Design,Full time,Mid-level,marketing-manager-istanbul,SAR 10K–18K / month,,
UX Researcher,On-site,"Bangalore, India",Product,Contract,Senior,ux-researcher-bangalore,USD 80K–120K / year,,
QA Engineer,Remote,"Hyderabad, India",Sales,Part time,Senior,qa-engineer-hyderabad,AED 12K–18K / month,,
Technical Writer,Hybrid,"Boston, United States",Operations,Full time,Senior,technical-writer-boston,INR 8L–15L / year,,
Operations Associate,Hybrid,"Boston, United States",R&D,Part time,Junior,operations-associate-boston,SAR 10K–18K / month,,
QA Engineer,Remote,"Hyderabad, India",Customer Success,Contract,Mid-level,qa-engineer-hyderabad,SAR 10K–18K / month,,
Cloud Architect,Remote,"Hyderabad, India",Marketing,Contract,Junior,cloud-architect-hyderabad,SAR 10K–18K / month,,
Full Stack Engineer,Hybrid,"Cairo, Egypt",Analytics,Full time,Junior,full-stack-engineer-cairo,USD 4K–6K / month,,
Customer Success Executive,Hybrid,"Boston, United States",Analytics,Contract,Junior,customer-success-executive-boston,SAR 10K–18K / month,,
Operations Associate,Hybrid,"Bangalore, India",R&D,Full time,Junior,operations-associate-bangalore,USD 4K–6K / month,,
Full Stack Engineer,Hybrid,"Berlin, Germany",Analytics,Contract,Senior,full-stack-engineer-berlin,INR 8L–15L / year,,
QA Engineer,On-site,"Hyderabad, India",Customer Success,Part time,Mid-level,qa-engineer-hyderabad,USD 4K–6K / month,,
Mobile Developer (Flutter),Remote,"Dubai, United Arab Emirates",Product,Full time,Senior,mobile-developer-(flutter)-dubai,USD 80K–120K / year,,
Data Analyst,Remote,"Bangalore, India",Product,Part time,Junior,data-analyst-bangalore,INR 8L–15L / year,,
Full Stack Engineer,Remote,"Boston, United States",Engineering,Part time,Mid-level,full-stack-engineer-boston,AED 12K–18K / month,,
Business Analyst,Remote,"Dubai, United Arab Emirates",Operations,Part time,Senior,business-analyst-dubai,SAR 10K–18K / month,,
UX Researcher,On-site,"Bangalore, India",Analytics,Full time,Mid-level,ux-researcher-bangalore,USD 80K–120K / year,,
Frontend Engineer,On-site,"London, England, United Kingdom",Product,Part time,Senior,frontend-engineer-london,AED 12K–18K / month,,
Cloud Architect,Hybrid,"Cairo, Egypt",Operations,Part time,Mid-level,cloud-architect-cairo,USD 4K–6K / month,,
QA Engineer,On-site,"Berlin, Germany",Customer Success,Full time,Mid-level,qa-engineer-berlin,SAR 10K–18K / month,,
Machine Learning Engineer,Remote,"Boston, United States",Sales,Contract,Senior,machine-learning-engineer-boston,INR 8L–15L / year,,
Customer Success Executive,Remote,"Bangalore, India",Analytics,Full time,Mid-level,customer-success-executive-bangalore,INR 8L–15L / year,,
DevOps Engineer,Remote,"Berlin, Germany",Sales,Part time,Junior,devops-engineer-berlin,SAR 10K–18K / month,,
Customer Success Executive,On-site,"Cairo, Egypt",Customer Success,Contract,Junior,customer-success-executive-cairo,USD 80K–120K / year,,
Business Analyst,Hybrid,"Istanbul, Turkey",Customer Success,Full time,Mid-level,business-analyst-istanbul,INR 8L–15L / year,,
Marketing Manager,On-site,"Dubai, United Arab Emirates",Marketing,Contract,Senior,marketing-manager-dubai,SAR 10K–18K / month,,
Cloud Architect,Hybrid,"Hyderabad, India",Operations,Part time,Senior,cloud-architect-hyderabad,SAR 10K–18K / month,,
Customer Success Executive,On-site,"Bangalore, India",Engineering,Part time,Junior,customer-success-executive-bangalore,AED 12K–18K / month,,
Mobile Developer (Flutter),On-site,"Berlin, Germany",Operations,Part time,Junior,mobile-developer-(flutter)-berlin,SAR 10K–18K / month,,
Business Analyst,Remote,"Bangalore, India",Customer Success,Contract,Senior,business-analyst-bangalore,SAR 10K–18K / month,,
UX Researcher,On-site,"Dubai, United Arab Emirates",R&D,Full time,Mid-level,ux-researcher-dubai,AED 8K–12K / month,,
DevOps Engineer,On-site,"London, England, United Kingdom",R&D,Part time,Mid-level,devops-engineer-london,USD 4K–6K / month,,
Mobile Developer (Flutter),Remote,"Riyadh, Saudi Arabia",Marketing,Part time,Junior,mobile-developer-(flutter)-riyadh,USD 80K–120K / year,,
UX Researcher,On-site,"Athens, Greece",Engineering,Contract,Junior,ux-researcher-athens,AED 8K–12K / month,,
Frontend Engineer,Remote,"Istanbul, Turkey",R&D,Full time,Mid-level,frontend-engineer-istanbul,AED 12K–18K / month,,
AI Product Manager,On-site,"Boston, United States",Engineering,Full time,Junior,ai-product-manager-boston,AED 12K–18K / month,,
Technical Writer,On-site,"Dubai, United Arab Emirates",Analytics,Part time,Mid-level,technical-writer-dubai,AED 8K–12K / month,,
Machine Learning Engineer,On-site,"Istanbul, Turkey",Operations,Contract,Senior,machine-learning-engineer-istanbul,INR 8L–15L / year,,
AI Product Manager,Hybrid,"Boston, United States",R&D,Full time,Mid-level,ai-product-manager-boston,AED 8K–12K / month,,
Mobile Developer (Flutter),On-site,"Berlin, Germany",Design,Contract,Mid-level,mobile-developer-(flutter)-berlin,INR 8L–15L / year,,
Software Engineer,On-site,"Bangalore, India",Marketing,Contract,Junior,software-engineer-bangalore,USD 4K–6K / month,,
Sales Development Representative,Remote,"Bangalore, India",Customer Success,Part time,Senior,sales-development-representative-bangalore,SAR 10K–18K / month,,
Backend Developer,Hybrid,"Dubai, United Arab Emirates",Marketing,Part time,Senior,backend-developer-dubai,USD 4K–6K / month,,
Mobile Developer (Flutter),Remote,"Berlin, Germany",Customer Success,Full time,Junior,mobile-developer-(flutter)-berlin,USD 4K–6K / month,,
Machine Learning Engineer,Hybrid,"Istanbul, Turkey",IT Support,Part time,Senior,machine-learning-engineer-istanbul,AED 8K–12K / month,,
Business Analyst,Hybrid,"Bangalore, India",Engineering,Full time,Junior,business-analyst-bangalore,USD 80K–120K / year,,
Data Analyst,On-site,"Athens, Greece",IT Support,Full time,Junior,data-analyst-athens,AED 12K–18K / month,,
AI Product Manager,Remote,"London, England, United Kingdom",Engineering,Part time,Mid-level,ai-product-manager-london,INR 8L–15L / year,,
Backend Developer,On-site,"Dubai, United Arab Emirates",IT Support,Contract,Mid-level,backend-developer-dubai,INR 8L–15L / year,,
Data Analyst,On-site,"Hyderabad, India",Analytics,Full time,Mid-level,data-analyst-hyderabad,INR 8L–15L / year,,
Backend Developer,Hybrid,"Berlin, Germany",Engineering,Contract,Senior,backend-developer-berlin,USD 4K–6K / month,,
Mobile Developer (Flutter),Hybrid,"Riyadh, Saudi Arabia",Operations,Full time,Junior,mobile-developer-(flutter)-riyadh,INR 8L–15L / year,,
QA Engineer,Hybrid,"Istanbul, Turkey",Analytics,Full time,Mid-level,qa-engineer-istanbul,USD 4K–6K / month,,
QA Engineer,Remote,"Athens, Greece",Operations,Full time,Senior,qa-engineer-athens,AED 8K–12K / month,,
Operations Associate,Hybrid,"Cairo, Egypt",R&D,Full time,Mid-level,operations-associate-cairo,AED 12K–18K / month,,
Technical Writer,On-site,"Bangalore, India",IT Support,Full time,Junior,technical-writer-bangalore,AED 8K–12K / month,,
Solutions Consultant,Hybrid,"Athens, Greece",Operations,Full time,Mid-level,solutions-consultant-athens,SAR 10K–18K / month,,
QA Engineer,Remote,"Dubai, United Arab Emirates",Customer Success,Part time,Mid-level,qa-engineer-dubai,USD 80K–120K / year,,
Software Engineer,Hybrid,"Boston, United States",R&D,Contract,Junior,software-engineer-boston,AED 8K–12K / month,,
Customer Success Executive,Hybrid,"Dubai, United Arab Emirates",Product,Contract,Senior,customer-success-executive-dubai,SAR 10K–18K / month,,
QA Engineer,Hybrid,"London, England, United Kingdom",Marketing,Contract,Senior,qa-engineer-london,INR 8L–15L / year,,
Machine Learning Engineer,Hybrid,"Bangalore, India",Design,Full time,Junior,machine-learning-engineer-bangalore,USD 80K–120K / year,,
Solutions Consultant,Hybrid,"Bangalore, India",IT Support,Part time,Junior,solutions-consultant-bangalore,AED 8K–12K / month,,
Mobile Developer (Flutter),Hybrid,"Hyderabad, India",Customer Success,Full time,Junior,mobile-developer-(flutter)-hyderabad,SAR 10K–18K / month,,
Frontend Engineer,On-site,"Istanbul, Turkey",Product,Contract,Junior,frontend-engineer-istanbul,AED 8K–12K / month,,
QA Engineer,Hybrid,"Cairo, Egypt",Customer Success,Full time,Junior,qa-engineer-cairo,AED 12K–18K / month,,
Business Analyst,Remote,"Dubai, United Arab Emirates",R&D,Part time,Junior,business-analyst-dubai,SAR 10K–18K / month,,
Operations Associate,Hybrid,"Berlin, Germany",Product,Contract,Mid-level,operations-associate-berlin,AED 12K–18K / month,,
Frontend Engineer,On-site,"Athens, Greece",Sales,Part time,Senior,frontend-engineer-athens,AED 12K–18K / month,,
Marketing Manager,Hybrid,"Athens, Greece",IT Support,Full time,Senior,marketing-manager-athens,SAR 10K–18K / month,,
Product Designer,Hybrid,"Dubai, United Arab Emirates",R&D,Contract,Junior,product-designer-dubai,USD 4K–6K / month,,
Solutions Consultant,Hybrid,"Boston, United States",Engineering,Part time,Mid-level,solutions-consultant-boston,AED 12K–18K / month,,
